sno,sid,name,email,mno,rno
1,A2018IT6322,Abhimanyu Yadav,Abhimanyu_Yadav@gmail.com,9902536429,1814313058
2,A2018IT6325,Adarsh Shukla,Adarsh_Shukla@gmail.com,9902536415,1814313021
3,A2018IT6006,Aman Garg,Aman_Garg@gmail.com,9902536549,1814313080
4,A2018IT6299,Aman Vashishth,Aman_Vashishth@gmail.com,9902536534,1814313006
5,A2018IT6326,Ankit Pandey,Ankit_Pandey@gmail.com,9902536483,1814313098
6,A2018IT6231,Anmol Bhatnagar,Anmol_Bhatnagar@gmail.com,9902536510,1814313007
7,A2018IT6081,Anmol Kumar,Anmol_Kumar@gmail.com,9902536515,1814313095
8,A2018IT5927,Arjun Sahu,Arjun_Sahu@gmail.com,9902536568,1814313100
9,A2018IT5925,Himanshu Chauhan,Himanshu_Chauhan@gmail.com,9902536449,1814313028
10,A2018IT5942,Lovesh Rajpoot,Lovesh_Rajpoot@gmail.com,9902536524,1814313082
11,A2018IT5716,Mamoon Ahmad,Mamoon_Ahmad@gmail.com,9902536569,1814313049
12,A2018IT5717,Manas Agarwal,Manas_Agarwal@gmail.com,9902536428,1814313047
13,A2018IT5795,Mansi Chauhan,Mansi_Chauhan@gmail.com,9902536430,1814313040
14,A2018IT3056,Mohd. Aasif,Mohd._Aasif@gmail.com,9902536475,1814313011
15,A2018IT6249,Mohd. Atyab,Mohd._Atyab@gmail.com,9902536431,1814313061
16,A2018IT5722,Mohd. Saim Aziz,Mohd._Saim_Aziz@gmail.com,9902536417,1814313074
17,A2018IT6313,Mohd. Wajahat Beg,Mohd._Wajahat_Beg@gmail.com,9902536505,1814313031
18,A2018IT6239,Mukul Agarwal,Mukul_Agarwal@gmail.com,9902536420,1814313052
19,A2018IT5979,Narendra Kumar,Narendra_Kumar@gmail.com,9902536505,1814313046
20,A2018IT6114,Nishant Kumar,Nishant_Kumar@gmail.com,9902536531,1814313083
21,A2018IT5682,Nishant Rajput,Nishant_Rajput@gmail.com,9902536435,1814313060
22,A2018IT6146,Pankaj Chand Kaushik,Pankaj_Chand_Kaushik@gmail.com,9902536520,1814313065
23,A2018IT5749,Raj Gupta,Raj_Gupta@gmail.com,9902536423,1814313099
24,A2018IT5896,Rajat Kumar,Rajat_Kumar@gmail.com,9902536565,1814313096
25,A2018IT5990,Sanjay Bharti,Sanjay_Bharti@gmail.com,9902536595,1814313019
26,A2018IT6246,Saral Vats,Saral_Vats@gmail.com,9902536403,1814313073
27,A2018IT6075,Saumya Agarwal,Saumya_Agarwal@gmail.com,9902536419,1814313096
28,A2018IT6217,Shivam Kumar,Shivam_Kumar@gmail.com,9902536437,1814313002
29,A2018IT5723,Suyash Singh,Suyash_Singh@gmail.com,9902536448,1814313017
30,A2018IT6219,Vikash Kumar,Vikash_Kumar@gmail.com,9902536424,1814313024
31,A2018IT5869,Vishwas Aggarwal,Vishwas_Aggarwal@gmail.com,9902536566,1814313082
32,A2018IT5907,Yash Awasthi,Yash_Awasthi@gmail.com,9902536569,1814313064
33,A2018IT6199,Ankur Kaushik,Ankur_Kaushik@gmail.com,9902536572,1814313004
34,A2018IT6236,Ashwani Kumar,Ashwani_Kumar@gmail.com,9902536528,1814313092
35,A2018IT5973,Kushagra Pandey,Kushagra_Pandey@gmail.com,9902536535,1814313065
36,A2018IT5787,Puneet Jindal,Puneet_Jindal@gmail.com,9902536599,1814313099
37,A2017IT5464,Abhishek Verma,Abhishek_Verma@gmail.com,9902536515,1714313057
38,A2017IT5453,Akash Kushwaha,Akash_Kushwaha@gmail.com,9902536578,1714313078
39,A2017IT5419,Akshit Kumar,Akshit_Kumar@gmail.com,9902536480,1714313055
40,A2017IT5251,Arpit Sharma,Arpit_Sharma@gmail.com,9902536414,1714313069
41,A2017IT5504,Ashish Kumar Kushavaha,Ashish_Kumar_Kushavaha@gmail.com,9902536491,1714313033
42,A2017IT4981,Ashutosh Mishra,Ashutosh_Mishra@gmail.com,9902536542,1714313033
43,A2017IT5357,Ayush Shukla,Ayush_Shukla@gmail.com,9902536497,1714313087
44,A2017IT5468,Deepanshu,Deepanshu-17-5468,9902536598,1714313057
45,A2017IT4915,Dhruv Johari,Dhruv_Johari@gmail.com,9902536516,1714313052
46,A2017IT5062,Harshit Varshney,Harshit_Varshney@gmail.com,9902536421,1714313089
47,A2017IT5176,Km Shraddha Katiyar,Km_Shraddha_Katiyar@gmail.com,9902536593,1714313071
48,A2017IT5134,Kratagya Pachauri,Kratagya_Pachauri@gmail.com,9902536454,1714313090
49,A2017IT5306,Krishna Singh,Krishna_Singh@gmail.com,9902536533,1714313017
50,A2017IT5449,Kuldeep Kumar Gautam,Kuldeep_Kumar_Gautam@gmail.com,9902536408,1714313003
51,A2017IT4965,Love Varshney,Love_Varshney@gmail.com,9902536411,1714313061
52,A2017IT5052,Mohit Yagyik,Mohit_Yagyik@gmail.com,9902536576,1714313031
53,A2017IT5441,Nakul Mitra,Nakul_Mitra@gmail.com,9902536599,1714313016
54,A2017IT5447,Nirpesh Chaudhary,Nirpesh_Chaudhary@gmail.com,9902536416,1714313021
55,A2017IT4978,Nitin Saxena,Nitin_Saxena@gmail.com,9902536546,1714313029
56,A2017IT5375,Pankaj Gautam,Pankaj_Gautam@gmail.com,9902536553,1714313013
57,A2017IT5237,Piyush Mudgal,Piyush_Mudgal@gmail.com,9902536482,1714313025
58,A2017IT5473,Prakhar Singh,Prakhar_Singh@gmail.com,9902536515,1714313099
59,A2017IT5497,Prantak R. Singh,Prantak_R._Singh@gmail.com,9902536560,1714313006
60,A2017IT5509,Pratyaksh Dhiman,Pratyaksh_Dhiman@gmail.com,9902536517,1714313079
61,A2017IT5140,Priyanshu Sharma,Priyanshu_Sharma@gmail.com,9902536559,1714313051
62,A2017IT5227,Rajvikram Saxena,Rajvikram_Saxena@gmail.com,9902536547,1714313086
63,A2017IT4980,Shahid Ansari,Shahid_Ansari@gmail.com,9902536414,1714313017
64,A2017IT5407,Shivam Singh,Shivam_Singh1@gmail.com,9902536431,1714313058
65,A2017IT5410,Shivam Singh,Shivam_Singh@gmail.com,9902536442,1714313072
66,A2017IT5026,Shristi Singh,Shristi_Singh@gmail.com,9902536543,1714313079
67,A2017IT5360,Shubham Gupta,Shubham_Gupta@gmail.com,9902536439,1714313071
68,A2017IT5459,Somya Mishra,Somya_Mishra@gmail.com,9902536445,1714313002
69,A2017IT5456,Tanmay Rastogi,Tanmay_Rastogi@gmail.com,9902536587,1714313020
70,A2017IT5352,Utkarsh Singh,Utkarsh_Singh@gmail.com,9902536573,1714313075
71,A2017IT5063,Vaibhav Singhal,Vaibhav_Singhal@gmail.com,9902536487,1714313035
72,A2017IT5350,Vishwas Babu Gupta,Vishwas_Babu_Gupta@gmail.com,9902536403,1714313029
73,A2017IT5378,Yash Kumar,Yash_Kumar@gmail.com,9902536449,1714313050
74,A2016IT4630,Aayush Bansal,Aayush_Bansal@gmail.com,9902536575,1614313031
75,A2016IT3694,Abhijeet Sharma,Abhijeet_Sharma@gmail.com,9902536567,1614313041
76,A2016IT4680,Abhishek Kumar Singh,Abhishek_Kumar_Singh@gmail.com,9902536575,1614313035
77,A2016IT4125,Abhishek Tyagi,Abhishek_Tyagi@gmail.com,9902536475,1614313074
78,A2016IT4623,Amritanshu Dwivedi,Amritanshu_Dwivedi@gmail.com,9902536422,1614313038
79,A2016IT4659,Anmol Rajput,Anmol_Rajput@gmail.com,9902536487,1614313014
80,A2016IT4636,Anurag Yadav,Anurag_Yadav@gmail.com,9902536489,1614313018
81,A2016IT4612,Archit Saxena,Archit_Saxena@gmail.com,9902536514,1614313059
82,A2016IT4393,Ashish Kumar Jha,Ashish_Kumar_Jha@gmail.com,9902536424,1614313054
83,A2016IT4522,Ashish Kumar Sandhu,Ashish_Kumar_Sandhu@gmail.com,9902536558,1614313039
84,A2016IT4670,Ashutosh Dixit,Ashutosh_Dixit@gmail.com,9902536555,1614313049
85,A2016IT4395,Ashwani Kumar Kashyap,Ashwani_Kumar_Kashyap@gmail.com,9902536526,1614313055
86,A2016IT3998,Ayushi Srivastava,Ayushi_Srivastava@gmail.com,9902536493,1614313025
87,A2016IT3079,Deepanshu Chaudhary,Deepanshu_Chaudhary@gmail.com,9902536423,1614313022
88,A2016IT4553,Dharmveer Singh,Dharmveer_Singh@gmail.com,9902536528,1614313065
89,A2016IT4855,Harshita Vijay,Harshita_Vijay@gmail.com,9902536479,1614313005
90,A2016IT4031,Himanshu Teotia,Himanshu_Teotia@gmail.com,9902536450,1614313014
91,A2016IT4638,Kumar Kashyap,Kumar_Kashyap@gmail.com,9902536476,1614313031
92,A2016IT4694,Lovneesh Vij,Lovneesh_Vij@gmail.com,9902536537,1614313063
93,A2016IT3667,Manish Kumar,Manish_Kumar@gmail.com,9902536494,1614313030
94,A2016IT4696,Manvendra Singh,Manvendra_Singh@gmail.com,9902536497,1614313045
95,A2016IT4649,Mohd Imran Khan,Mohd_Imran_Khan@gmail.com,9902536479,1614313034
96,A2016IT4139,Mohit Maan,Mohit_Maan@gmail.com,9902536551,1614313060
97,A2016IT4600,Mukesh Kumar Prajapati,Mukesh_Kumar_Prajapati@gmail.com,9902536499,1614313021
98,A2016IT4185,Mukul Bhardwaj,Mukul_Bhardwaj@gmail.com,9902536483,1614313033
99,A2016IT4127,Naveen Kumar Singh,Naveen_Kumar_Singh@gmail.com,9902536591,1614313074
100,A2016IT4708,Neelesh Bhardwaj,Neelesh_Bhardwaj@gmail.com,9902536525,1614313002
101,A2016IT4641,Nitesh Kumar Verma,Nitesh_Kumar_Verma@gmail.com,9902536585,1614313050
102,A2016IT4688,Nitin Kumar,Nitin_Kumar@gmail.com,9902536593,1614313024
103,A2016IT4290,Pranjal Agarwal,Pranjal_Agarwal@gmail.com,9902536567,1614313044
104,A2016IT4400,Priyansh Gupta,Priyansh_Gupta@gmail.com,9902536480,1614313056
105,A2016IT4126,Rishi Chaturvedi,Rishi_Chaturvedi@gmail.com,9902536476,1614313035
106,A2016IT3806,Sahil Sharma,Sahil_Sharma@gmail.com,9902536520,1614313010
107,A2016IT4687,Sajal Sharma,Sajal_Sharma@gmail.com,9902536453,1614313050
108,A2016IT4399,Satyendra Kushwaha,Satyendra_Kushwaha@gmail.com,9902536459,1614313021
109,A2016IT4383,Saurabh Raj,Saurabh_Raj@gmail.com,9902536563,1614313013
110,A2016IT4390,Shashi Bhushan Yadav,Shashi_Bhushan_Yadav@gmail.com,9902536439,1614313036
111,A2016IT4607,Shikhar Chaudhary,Shikhar_Chaudhary@gmail.com,9902536485,1614313026
112,A2016IT4338,Shikha Singh,Shikha_Singh@gmail.com,9902536446,1614313006
113,A2016IT4622,Shivam Singh,Shivam_Singh2@gmail.com,9902536508,1614313062
114,A2016IT4556,Singh Vaibhav Rajesh,Singh_Vaibhav_Rajesh@gmail.com,9902536589,1614313073
115,A2016IT4111,Udit Rana,Udit_Rana@gmail.com,9902536488,1614313038
116,A2016IT4104,Ujjwal Shrivastav,Ujjwal_Shrivastav@gmail.com,9902536407,1614313032
117,A2016IT4389,Vishal Singh,Vishal_Singh@gmail.com,9902536588,1614313032
118,A2016IT4044,Shivam Shukla,shivamshukla2297@gmail.com,9999014429,1614313078
119,A2016IT4562,Shivam Mittal,shivam00035@gmail.com,9599943368,1614313076
120,A2016IT4044,Shivam Shukla,shivam.dev1097@gmail.com,9999014429,1614313078
121,A2016IT4567,Naitik Rana,naitik334@gmail.com,8130144790,1614313046